year,month,national_arrivals,excluded,period
1971,1,5931,False,historical
1971,2,6570,False,historical
1971,3,5166,False,historical
1971,4,1539,False,historical
1971,5,952,False,historical
1971,6,961,False,historical
1971,7,1897,False,historical
1971,8,2467,False,historical
1971,9,1881,False,historical
1971,10,2585,False,historical
1971,11,4003,False,historical
1971,12,5702,False,historical
1972,1,5762,False,historical
1972,2,5848,False,historical
1972,3,5564,False,historical
1972,4,3091,False,historical
1972,5,3282,False,historical
1972,6,2302,False,historical
1972,7,3703,False,historical
1972,8,4634,False,historical
1972,9,3402,False,historical
1972,10,4476,False,historical
1972,11,6155,False,historical
1972,12,7828,False,historical
1973,1,9386,False,historical
1973,2,8343,False,historical
1973,3,7875,False,historical
1973,4,5468,False,historical
1973,5,4168,False,historical
1973,6,3246,False,historical
1973,7,5919,False,historical
1973,8,6680,False,historical
1973,9,4184,False,historical
1973,10,5977,False,historical
1973,11,7137,False,historical
1973,12,9505,False,historical
1974,1,10915,False,historical
1974,2,9648,False,historical
1974,3,9847,False,historical
1974,4,6400,False,historical
1974,5,3241,False,historical
1974,6,3303,False,historical
1974,7,5404,False,historical
1974,8,6147,False,historical
1974,9,4986,False,historical
1974,10,6199,False,historical
1974,11,8338,False,historical
1974,12,10583,False,historical
1975,1,11740,False,historical
1975,2,10388,False,historical
1975,3,11158,False,historical
1975,4,5890,False,historical
1975,5,5587,False,historical
1975,6,4787,False,historical
1975,7,5925,False,historical
1975,8,8565,False,historical
1975,9,5287,False,historical
1975,10,7622,False,historical
1975,11,11271,False,historical
1975,12,14984,False,historical
1976,1,15627,False,historical
1976,2,15214,False,historical
1976,3,13431,False,historical
1976,4,8886,False,historical
1976,5,6097,False,historical
1976,6,4550,False,historical
1976,7,4278,False,historical
1976,8,3481,False,historical
1976,9,6707,False,historical
1976,10,10636,False,historical
1976,11,13600,False,historical
1976,12,16464,False,historical
1977,1,17569,False,historical
1977,2,18064,False,historical
1977,3,18216,False,historical
1977,4,9891,False,historical
1977,5,7602,False,historical
1977,6,5536,False,historical
1977,7,9881,False,historical
1977,8,11129,False,historical
1977,9,7594,False,historical
1977,10,11541,False,historical
1977,11,17106,False,historical
1977,12,19536,False,historical
1978,1,23114,False,historical
1978,2,22427,False,historical
1978,3,20497,False,historical
1978,4,11545,False,historical
1978,5,8803,False,historical
1978,6,7134,False,historical
1978,7,13252,False,historical
1978,8,15542,False,historical
1978,9,10245,False,historical
1978,10,14340,False,historical
1978,11,20759,False,historical
1978,12,24934,False,historical
1979,1,28366,False,historical
1979,2,25226,False,historical
1979,3,25472,False,historical
1979,4,18847,False,historical
1979,5,13042,False,historical
1979,6,10674,False,historical
1979,7,16801,False,historical
1979,8,20203,False,historical
1979,9,14798,False,historical
1979,10,19376,False,historical
1979,11,25743,False,historical
1979,12,31616,False,historical
1980,1,36108,False,historical
1980,2,33896,False,historical
1980,3,34416,False,historical
1980,4,21806,False,historical
1980,5,19468,False,historical
1980,6,15082,False,historical
1980,7,22986,False,historical
1980,8,27440,False,historical
1980,9,19962,False,historical
1980,10,23646,False,historical
1980,11,23988,False,historical
1980,12,37982,False,historical
1981,1,45168,False,historical
1981,2,39384,False,historical
1981,3,38376,False,historical
1981,4,28568,False,historical
1981,5,21642,False,historical
1981,6,16836,False,historical
1981,7,28266,False,historical
1981,8,32788,False,historical
1981,9,24086,False,historical
1981,10,27030,False,historical
1981,11,29512,False,historical
1981,12,39086,False,historical
1982,1,40932,False,historical
1982,2,40148,False,historical
1982,3,42178,False,historical
1982,4,29606,False,historical
1982,5,28972,False,historical
1982,6,25772,False,historical
1982,7,30942,False,historical
1982,8,34332,False,historical
1982,9,29754,False,historical
1982,10,30296,False,historical
1982,11,33748,False,historical
1982,12,40550,False,historical
1983,1,49104,False,historical
1983,2,44018,False,historical
1983,3,44710,False,historical
1983,4,32556,False,historical
1983,5,32850,False,historical
1983,6,24350,False,historical
1983,7,25132,False,historical
1983,8,8430,False,historical
1983,9,10050,False,historical
1983,10,16410,False,historical
1983,11,20570,False,historical
1983,12,29350,False,historical
1984,1,33546,False,historical
1984,2,32406,False,historical
1984,3,32628,False,historical
1984,4,23684,False,historical
1984,5,18224,False,historical
1984,6,17866,False,historical
1984,7,26694,False,historical
1984,8,27626,False,historical
1984,9,21764,False,historical
1984,10,25800,False,historical
1984,11,27906,False,historical
1984,12,29590,False,historical
1985,1,28814,False,historical
1985,2,27012,False,historical
1985,3,29886,False,historical
1985,4,19778,False,historical
1985,5,14014,False,historical
1985,6,11092,False,historical
1985,7,18362,False,historical
1985,8,20138,False,historical
1985,9,15242,False,historical
1985,10,18176,False,historical
1985,11,23218,False,historical
1985,12,31724,False,historical
1986,1,32890,False,historical
1986,2,30512,False,historical
1986,3,28932,False,historical
1986,4,19262,False,historical
1986,5,13100,False,historical
1986,6,9536,False,historical
1986,7,12330,False,historical
1986,8,15190,False,historical
1986,9,12398,False,historical
1986,10,12732,False,historical
1986,11,18114,False,historical
1986,12,25110,False,historical
1987,1,25446,False,historical
1987,2,23714,False,historical
1987,3,22838,False,historical
1987,4,16238,False,historical
1987,5,8204,False,historical
1987,6,7650,False,historical
1987,7,10200,False,historical
1987,8,11408,False,historical
1987,9,10072,False,historical
1987,10,12146,False,historical
1987,11,14188,False,historical
1987,12,20516,False,historical
1988,1,20400,False,historical
1988,2,19150,False,historical
1988,3,19430,False,historical
1988,4,13834,False,historical
1988,5,11124,False,historical
1988,6,11540,False,historical
1988,7,17660,False,historical
1988,8,18670,False,historical
1988,9,14980,False,historical
1988,10,16742,False,historical
1988,11,10560,False,historical
1988,12,8572,False,historical
1989,1,12962,False,historical
1989,2,12344,False,historical
1989,3,16032,False,historical
1989,4,12312,False,historical
1989,5,12750,False,historical
1989,6,11630,False,historical
1989,7,15194,False,historical
1989,8,17220,False,historical
1989,9,14264,False,historical
1989,10,15050,False,historical
1989,11,18948,False,historical
1989,12,26026,False,historical
1990,1,26592,False,historical
1990,2,26368,False,historical
1990,3,26946,False,historical
1990,4,22788,False,historical
1990,5,18286,False,historical
1990,6,18050,False,historical
1990,7,26410,False,historical
1990,8,26786,False,historical
1990,9,22438,False,historical
1990,10,23060,False,historical
1990,11,24596,False,historical
1990,12,35568,False,historical
1991,1,28932,False,historical
1991,2,28080,False,historical
1991,3,27153,False,historical
1991,4,20541,False,historical
1991,5,17745,False,historical
1991,6,17394,False,historical
1991,7,30645,False,historical
1991,8,28824,False,historical
1991,9,24762,False,historical
1991,10,25173,False,historical
1991,11,28272,False,historical
1991,12,40182,False,historical
1992,1,35730,False,historical
1992,2,38859,False,historical
1992,3,33399,False,historical
1992,4,28410,False,historical
1992,5,21024,False,historical
1992,6,23157,False,historical
1992,7,33771,False,historical
1992,8,40143,False,historical
1992,9,29838,False,historical
1992,10,32079,False,historical
1992,11,35967,False,historical
1992,12,41292,False,historical
1993,1,42726,False,historical
1993,2,40116,False,historical
1993,3,37953,False,historical
1993,4,29589,False,historical
1993,5,22368,False,historical
1993,6,20412,False,historical
1993,7,32904,False,historical
1993,8,32796,False,historical
1993,9,27495,False,historical
1993,10,30621,False,historical
1993,11,35103,False,historical
1993,12,40167,False,historical
1994,1,45402,False,historical
1994,2,41067,False,historical
1994,3,41277,False,historical
1994,4,28080,False,historical
1994,5,21777,False,historical
1994,6,21399,False,historical
1994,7,35370,False,historical
1994,8,32817,False,historical
1994,9,31062,False,historical
1994,10,33216,False,historical
1994,11,33306,False,historical
1994,12,42738,False,historical
1995,1,45987,False,historical
1995,2,42591,False,historical
1995,3,40074,False,historical
1995,4,33756,False,historical
1995,5,24672,False,historical
1995,6,22416,False,historical
1995,7,35994,False,historical
1995,8,35814,False,historical
1995,9,30828,False,historical
1995,10,30603,False,historical
1995,11,28365,False,historical
1995,12,32001,False,historical
1996,1,30957,False,historical
1996,2,29550,False,historical
1996,3,26442,False,historical
1996,4,20376,False,historical
1996,5,17655,False,historical
1996,6,19668,False,historical
1996,7,25380,False,historical
1996,8,24765,False,historical
1996,9,23211,False,historical
1996,10,23511,False,historical
1996,11,24921,False,historical
1996,12,35829,False,historical
1997,1,32652,False,historical
1997,2,35010,False,historical
1997,3,34098,False,historical
1997,4,26907,False,historical
1997,5,22407,False,historical
1997,6,23160,False,historical
1997,7,30867,False,historical
1997,8,32034,False,historical
1997,9,29793,False,historical
1997,10,28314,False,historical
1997,11,31995,False,historical
1997,12,38928,False,historical
1998,1,37224,False,historical
1998,2,35283,False,historical
1998,3,32256,False,historical
1998,4,25578,False,historical
1998,5,20394,False,historical
1998,6,22410,False,historical
1998,7,29529,False,historical
1998,8,31446,False,historical
1998,9,31653,False,historical
1998,10,31767,False,historical
1998,11,38421,False,historical
1998,12,45102,False,historical
1999,1,44379,False,historical
1999,2,41526,False,historical
1999,3,41022,False,historical
1999,4,34443,False,historical
1999,5,25212,False,historical
1999,6,26184,False,historical
1999,7,33288,False,historical
1999,8,39081,False,historical
1999,9,33915,False,historical
1999,10,35112,False,historical
1999,11,41952,False,historical
1999,12,40326,False,historical
2000,1,43311,False,historical
2000,2,43287,False,historical
2000,3,40110,False,historical
2000,4,33642,False,historical
2000,5,23404,False,historical
2000,6,21825,False,historical
2000,7,33267,False,historical
2000,8,34422,False,historical
2000,9,31035,False,historical
2000,10,26658,False,historical
2000,11,32469,False,historical
2000,12,36984,False,historical
2001,1,44187,False,historical
2001,2,46575,False,historical
2001,3,44290,False,historical
2001,4,36906,False,historical
2001,5,26924,False,historical
2001,6,28323,False,historical
2001,7,28566,False,historical
2001,8,15717,False,historical
2001,9,11758,False,historical
2001,10,12904,False,historical
2001,11,17344,False,historical
2001,12,23300,False,historical
2002,1,28296,False,historical
2002,2,31683,False,historical
2002,3,33084,False,historical
2002,4,27057,False,historical
2002,5,26661,False,historical
2002,6,26355,False,historical
2002,7,35742,False,historical
2002,8,35475,False,historical
2002,9,32982,False,historical
2002,10,36258,False,historical
2002,11,37395,False,historical
2002,12,42183,False,historical
2003,1,40647,False,historical
2003,2,39081,False,historical
2003,3,40818,False,historical
2003,4,33714,False,historical
2003,5,30048,False,historical
2003,6,31836,False,historical
2003,7,43743,False,historical
2003,8,42111,False,historical
2003,9,36054,False,historical
2003,10,49922,False,historical
2003,11,54946,False,historical
2003,12,57722,False,historical
2004,1,49950,False,historical
2004,2,43584,False,historical
2004,3,38418,False,historical
2004,4,30672,False,historical
2004,5,30162,False,historical
2004,6,32119,False,historical
2004,7,50525,False,historical
2004,8,48675,False,historical
2004,9,51525,False,historical
2004,10,59442,False,historical
2004,11,64971,False,historical
2004,12,66159,False,historical
2005,1,38187,False,historical
2005,2,36645,False,historical
2005,3,50418,False,historical
2005,4,42261,False,historical
2005,5,40878,False,historical
2005,6,45699,False,historical
2005,7,56745,False,historical
2005,8,51216,False,historical
2005,9,43536,False,historical
2005,10,44095,False,historical
2005,11,48457,False,historical
2005,12,51171,False,historical
2006,1,52103,False,historical
2006,2,52687,False,historical
2006,3,54746,False,historical
2006,4,49776,False,historical
2006,5,43825,False,historical
2006,6,44066,False,historical
2006,7,55354,False,historical
2006,8,52931,False,historical
2006,9,38485,False,historical
2006,10,38815,False,historical
2006,11,37591,False,historical
2006,12,39224,False,historical
2007,1,56553,False,historical
2007,2,43051,False,historical
2007,3,35031,False,historical
2007,4,33039,False,historical
2007,5,26307,False,historical
2007,6,30810,False,historical
2007,7,44142,False,historical
2007,8,44742,False,historical
2007,9,37104,False,historical
2007,10,37011,False,historical
2007,11,45102,False,historical
2007,12,61116,False,historical
2008,1,56916,False,historical
2008,2,40551,False,historical
2008,3,38049,False,historical
2008,4,29747,False,historical
2008,5,31140,False,historical
2008,6,27960,False,historical
2008,7,32982,False,historical
2008,8,30672,False,historical
2008,9,29529,False,historical
2008,10,35103,False,historical
2008,11,36901,False,historical
2008,12,48925,False,historical
2009,1,38468,False,historical
2009,2,34169,False,historical
2009,3,34065,False,historical
2009,4,26054,False,historical
2009,5,24739,False,historical
2009,6,30234,False,historical
2009,7,42223,False,historical
2009,8,41207,False,historical
2009,9,37983,False,historical
2009,10,37575,False,historical
2009,11,44311,False,historical
2009,12,56862,False,historical
2010,1,50757,False,clean_train
2010,2,57300,False,clean_train
2010,3,52352,False,clean_train
2010,4,38300,False,clean_train
2010,5,35213,False,clean_train
2010,6,44730,False,clean_train
2010,7,63339,False,clean_train
2010,8,55898,False,clean_train
2010,9,47339,False,clean_train
2010,10,52370,False,clean_train
2010,11,72251,False,clean_train
2010,12,84627,False,clean_train
2011,1,74197,False,clean_train
2011,2,65797,False,clean_train
2011,3,75130,False,clean_train
2011,4,63835,False,clean_train
2011,5,48943,False,clean_train
2011,6,53636,False,clean_train
2011,7,83786,False,clean_train
2011,8,72463,False,clean_train
2011,9,60219,False,clean_train
2011,10,69563,False,clean_train
2011,11,90889,False,clean_train
2011,12,97517,False,clean_train
2012,1,85874,False,clean_train
2012,2,83549,False,clean_train
2012,3,91102,False,clean_train
2012,4,69591,False,clean_train
2012,5,57506,False,clean_train
2012,6,65245,False,clean_train
2012,7,90338,False,clean_train
2012,8,79456,False,clean_train
2012,9,71111,False,clean_train
2012,10,80379,False,clean_train
2012,11,109202,False,clean_train
2012,12,122252,False,clean_train
2013,1,110543,False,clean_train
2013,2,113968,False,clean_train
2013,3,113208,False,clean_train
2013,4,80737,False,clean_train
2013,5,74838,False,clean_train
2013,6,90279,False,clean_train
2013,7,107016,False,clean_train
2013,8,123269,False,clean_train
2013,9,90339,False,clean_train
2013,10,107058,False,clean_train
2013,11,109420,False,clean_train
2013,12,153918,False,clean_train
2014,1,146575,False,clean_train
2014,2,141878,False,clean_train
2014,3,133048,False,clean_train
2014,4,112631,False,clean_train
2014,5,90046,False,clean_train
2014,6,103175,False,clean_train
2014,7,133971,False,clean_train
2014,8,140319,False,clean_train
2014,9,105535,False,clean_train
2014,10,121576,False,clean_train
2014,11,119727,False,clean_train
2014,12,178672,False,clean_train
2015,1,156246,False,clean_train
2015,2,165541,False,clean_train
2015,3,157051,False,clean_train
2015,4,122217,False,clean_train
2015,5,113529,False,clean_train
2015,6,115467,False,clean_train
2015,7,175804,False,clean_train
2015,8,166610,False,clean_train
2015,9,143374,False,clean_train
2015,10,132280,False,clean_train
2015,11,144147,False,clean_train
2015,12,206114,False,clean_train
2016,1,194280,False,clean_train
2016,2,197697,False,clean_train
2016,3,192841,False,clean_train
2016,4,136367,False,clean_train
2016,5,125044,False,clean_train
2016,6,118038,False,clean_train
2016,7,209351,False,clean_train
2016,8,186288,False,clean_train
2016,9,148499,False,clean_train
2016,10,150419,False,clean_train
2016,11,167217,False,clean_train
2016,12,224791,False,clean_train
2017,1,219360,False,clean_train
2017,2,197517,False,clean_train
2017,3,188076,False,clean_train
2017,4,160249,False,clean_train
2017,5,121891,False,clean_train
2017,6,123351,False,clean_train
2017,7,205482,False,clean_train
2017,8,190928,False,clean_train
2017,9,145077,False,clean_train
2017,10,152429,False,clean_train
2017,11,167511,False,clean_train
2017,12,244536,False,clean_train
2018,1,238924,False,clean_train
2018,2,235618,False,clean_train
2018,3,233382,False,clean_train
2018,4,180429,False,clean_train
2018,5,129466,False,clean_train
2018,6,146828,False,clean_train
2018,7,217829,False,clean_train
2018,8,200359,False,clean_train
2018,9,149087,False,clean_train
2018,10,153123,False,clean_train
2018,11,195582,False,clean_train
2018,12,253169,False,clean_train
2019,1,244239,True,excluded
2019,2,252033,True,excluded
2019,3,244328,True,excluded
2019,4,166975,True,excluded
2019,5,37802,True,excluded
2019,6,63072,True,excluded
2019,7,115701,True,excluded
2019,8,143587,True,excluded
2019,9,108575,True,excluded
2019,10,118743,True,excluded
2019,11,176984,True,excluded
2019,12,241663,True,excluded
2020,1,228434,True,excluded
2020,2,207507,True,excluded
2020,3,71370,True,excluded
2020,4,0,True,excluded
2020,5,0,True,excluded
2020,6,0,True,excluded
2020,7,0,True,excluded
2020,8,0,True,excluded
2020,9,0,True,excluded
2020,10,0,True,excluded
2020,11,0,True,excluded
2020,12,0,True,excluded
2021,1,1682,True,excluded
2021,2,3366,True,excluded
2021,3,4581,True,excluded
2021,4,4168,True,excluded
2021,5,1497,True,excluded
2021,6,1614,True,excluded
2021,7,2429,True,excluded
2021,8,5040,True,excluded
2021,9,13547,True,excluded
2021,10,22771,True,excluded
2021,11,44294,True,excluded
2021,12,89506,True,excluded
2022,1,82327,True,excluded
2022,2,96507,True,excluded
2022,3,106500,True,excluded
2022,4,62980,True,excluded
2022,5,30207,True,excluded
2022,6,32856,True,excluded
2022,7,47293,True,excluded
2022,8,37760,True,excluded
2022,9,29802,True,excluded
2022,10,42026,True,excluded
2022,11,59759,True,excluded
2022,12,91961,True,excluded
2023,1,102545,False,recent
2023,2,107639,False,recent
2023,3,125495,False,recent
2023,4,105498,False,recent
2023,5,83309,False,recent
2023,6,100388,False,recent
2023,7,143039,False,recent
2023,8,136405,False,recent
2023,9,111938,False,recent
2023,10,109199,False,recent
2023,11,151496,False,recent
2023,12,210352,False,recent
2024,1,208253,False,recent
2024,2,218350,False,recent
2024,3,209181,False,recent
2024,4,148867,False,recent
2024,5,112128,False,recent
2024,6,113470,False,recent
2024,7,187810,False,recent
2024,8,164609,False,recent
2024,9,122140,False,recent
2024,10,135907,False,recent
2024,11,184158,False,recent
2024,12,248592,False,recent
2025,1,252761,False,recent
2025,2,240217,False,recent
2025,3,229298,False,recent
2025,4,174608,False,recent
2025,5,132919,False,recent
2025,6,138241,False,recent
2025,7,200244,False,recent
2025,8,198235,False,recent
2025,9,158971,False,recent
2025,10,165193,False,recent
2025,11,212906,False,recent
